condition,ablation,seed,impl,n_agents,R_s,volatility_cv,osc_period,end_slope,censored,cap_bound,still_climbing,hazard_beta,hazard_se,cox_age_beta,n_stable_agents,n_stable_deaths,beta_surv,beta_off,interaction,founder_trait,survivor_trait
uniform,none,0,vectorized,34839,1586.1,0.0453,893,-0.607,1,0,22.1,0.0017,0.0022,0.0011,34638,33112,-0.9771876924043372,0.2609246097619015,10.753038903296245,0.4994,0.0706
uniform,none,1,vectorized,17127,741.9,0.0482,875,-0.27,1,0,5.0,0.0005,0.0025,0.0042,17021,16296,10.14291548132919,0.6525954552620535,34.86124624779592,0.4942,0.1046
uniform,none,2,vectorized,10459,500.0,0.039,925,0.171,1,0,11.6,-0.0303,0.0023,-0.1274,10362,9840,-25.31685719763744,-1.2753742118496365,2.2141491850010633,0.4889,0.5883
uniform,none,3,vectorized,34055,1565.2,0.0403,783,-0.354,1,0,-104.8,0.0268,0.002,0.0645,33858,32306,36.10833603374492,1.0793958269197528,-89.58252594866536,0.4781,0.1525
uniform,none,4,vectorized,9448,403.2,0.0769,298,0.088,1,0,-8.8,0.0275,0.0041,0.0514,9370,8707,24.00205073583629,0.636037436426848,-29.077591031259455,0.5043,0.1448
uniform,none,5,vectorized,23383,1064.8,0.0913,445,0.295,1,0,6.4,0.0072,0.0029,0.0056,23243,20989,7.522406531149484,0.34468302410122464,-35.63979034868225,0.4855,0.0969
uniform,none,6,vectorized,14848,659.3,0.0487,1021,0.476,1,0,6.5,-0.003,0.0026,0.0274,14665,13975,10.80863556771619,-0.4649375023131537,-53.222364919248896,0.5263,0.1833
uniform,none,7,vectorized,8993,396.4,0.1015,407,-0.207,1,0,8.3,0.0432,0.0047,0.1222,8906,8310,76.35085842564071,2.0851356836715147,-121.46510304679558,0.5577,0.0615
uniform,none,8,vectorized,8324,344.6,0.0922,911,-0.352,1,0,-24.5,0.0025,0.0053,0.0537,8224,7867,34.12590024985367,0.28584323466472356,119.51211645081389,0.5187,0.0539
uniform,none,9,vectorized,19477,955.0,0.0336,554,-0.148,0,0,-12.4,-0.0444,0.0027,-0.1548,19270,18361,-42.379899899948526,-0.11430250739910033,-29.081995568148688,0.496,0.3824
uniform,none,10,vectorized,33873,1469.9,0.0491,646,0.358,1,0,-30.9,0.012,0.0019,0.0239,33661,32109,17.800534245985514,0.39061546554884063,-63.89798211545577,0.4981,0.1111
uniform,none,11,vectorized,9719,410.0,0.07,895,0.336,1,0,-3.3,0.0322,0.0039,0.0671,9615,9151,35.18156221150017,0.4042582513953266,-86.57570106905705,0.4877,0.1131
uniform,none,12,vectorized,15789,728.7,0.0499,326,0.02,0,0,-0.1,-0.0117,0.0035,-0.0406,15638,13768,-15.696610354976118,-0.4035764903590594,87.72037976086455,0.5104,0.3642
uniform,none,13,vectorized,22160,1020.9,0.0419,267,0.172,1,0,-29.0,0.0041,0.0026,0.0001,22037,21029,21.72343116086539,-0.0554945600106807,-157.79966730633134,0.4954,0.3139
uniform,none,14,vectorized,38990,1778.5,0.0282,320,-0.226,0,0,-29.8,0.015,0.0017,0.0369,38785,37026,24.338060827507885,0.6825741956416793,-94.12627027955305,0.5295,0.2472
uniform,none,15,vectorized,39355,1888.1,0.0439,565,-1.142,1,1,-8.9,0.0047,0.002,-0.004,39165,37492,-6.870398389034,-0.10153984984938007,22.689772835438994,0.5098,0.1442
uniform,none,16,vectorized,21481,976.6,0.0545,305,0.418,1,0,27.3,-0.0029,0.0026,0.0032,21348,20336,-4.945764407091702,0.02081407562266398,76.16295306245998,0.4977,0.2117
uniform,none,17,vectorized,11642,555.6,0.067,450,-0.06,0,0,61.4,-0.0568,0.0049,-0.1663,11527,10867,-26.089937512753842,-0.24551172440991678,-124.4915882091406,0.5202,0.3662
uniform,none,18,vectorized,8591,515.2,0.0604,563,-0.351,1,0,12.6,-0.0185,0.0036,-0.0388,8504,8039,-12.392395784634822,-1.736348455572991,-168.60667365143374,0.4861,0.8043
uniform,none,19,vectorized,636,25.6,0.154,330,0.021,1,0,-0.0,0.0193,0.0511,0.1153,578,489,173.11343080773815,2.1391866002263273,89.44128151244362,0.5457,0.1065
uniform,freeze_learning,0,vectorized,39430,1801.3,0.021,249,0.296,0,1,-31.7,0.0057,0.0015,-0.002,39247,36640,2.6461162124295705,0.03375956114731378,53.905589692168796,0.4994,0.7121
uniform,freeze_learning,1,vectorized,18021,798.9,0.0341,538,-0.094,0,0,20.6,0.0053,0.0026,-0.0182,17907,16528,0.3275434404433053,0.07944332783403667,46.10503295495232,0.4942,0.788
uniform,freeze_learning,2,vectorized,293,0,0.0,,0.0,0,0,0,0.2081,0.2606,0.07,251,28,102.94743460485817,0.22082258615999972,-198.93001009862476,0.4889,
uniform,freeze_learning,3,vectorized,35520,1673.8,0.0164,292,0.147,0,0,4.0,0.002,0.0016,0.0101,35338,32308,7.389844137452607,0.4227539248301799,59.33395695792628,0.4781,0.6805
uniform,freeze_learning,4,vectorized,9910,417.5,0.0548,484,0.106,1,0,25.9,0.0099,0.0034,-0.0376,9843,8708,-8.829626899147332,-0.25694395447940194,41.72235653228015,0.5043,0.7812
uniform,freeze_learning,5,vectorized,27936,1262.3,0.0298,385,-0.015,0,0,-20.5,0.0011,0.0018,-0.0142,27780,25214,-0.7164327739936761,0.052954690184240816,82.63970192721858,0.4855,0.7702
uniform,freeze_learning,6,vectorized,13474,601.5,0.039,774,-0.131,1,0,-21.8,0.0002,0.0031,-0.0043,13336,12089,9.043032871898635,0.059515122360535175,87.24910430250827,0.5263,0.763
uniform,freeze_learning,7,vectorized,9435,409.9,0.0479,903,0.156,1,0,-28.4,0.0104,0.0036,0.0408,9350,8316,20.095763617841907,0.6422069490517911,4.944521202956588,0.5577,0.726
uniform,freeze_learning,8,vectorized,11116,490.5,0.0475,332,0.193,1,0,-5.5,0.0039,0.0051,0.09,11019,9920,21.30128882188371,-0.09431194202377936,16.567002856618824,0.5187,0.8517
uniform,freeze_learning,9,vectorized,5535,265.8,0.0975,,0.051,1,0,-3.9,0.0215,0.0065,0.0195,5440,4944,21.187462457987646,0.46548313199875757,-63.93461513542191,0.496,0.6856
uniform,freeze_learning,10,vectorized,23601,1090.2,0.0392,435,-0.032,0,0,36.8,0.0034,0.0021,-0.0301,23476,21148,-10.306442594820787,0.1310699519253235,65.47179684478388,0.4981,0.6815
uniform,freeze_learning,11,vectorized,9446,431.8,0.0504,304,-0.046,0,0,8.8,0.0348,0.0045,-0.0024,9361,8366,8.520190231387742,-0.03675100040863493,24.72970609315962,0.4877,0.5751
uniform,freeze_learning,12,vectorized,18418,820.2,0.0192,563,0.073,0,0,2.8,0.0053,0.0026,0.0065,18276,16515,6.278790341072477,0.26800436654549986,5.575722915518074,0.5104,0.8034
uniform,freeze_learning,13,vectorized,17959,778.2,0.0276,1091,0.097,0,0,2.6,0.0118,0.0026,0.0179,17836,16906,-4.168124077223258,0.15084231346793242,21.3662353403682,0.4954,0.7962
uniform,freeze_learning,14,vectorized,28143,1380.2,0.0297,354,0.197,0,0,-31.5,0.0326,0.002,0.0675,27992,26590,19.194228060038082,0.12543185897603068,13.199936062562193,0.5295,0.7432
uniform,freeze_learning,15,vectorized,41339,1995.2,0.0055,165,-0.024,0,1,0.6,0.0026,0.0014,-0.007,41122,38335,1.4583275220468739,0.04140503036190552,77.3326377591,0.5098,0.7399
uniform,freeze_learning,16,vectorized,16148,763.5,0.0407,811,0.048,0,0,-45.6,0.0167,0.0022,0.0303,16044,15297,10.68637041647897,0.03989248730101642,-36.69838962539631,0.4977,0.7436
uniform,freeze_learning,17,vectorized,9818,427.8,0.0475,482,-0.173,1,0,-24.1,0.0159,0.0037,-0.0056,9734,8692,2.810940873351056,0.25510489811291553,11.174838817212697,0.5202,0.7531
uniform,freeze_learning,18,vectorized,1151,57.9,0.2397,968,-0.16,1,0,-5.0,-0.0182,0.0194,-0.0292,1085,896,39.3893013322515,-0.13896131050959237,-144.93366853482271,0.4861,0.9171
uniform,freeze_learning,19,vectorized,200,1.2,2.6271,,0.0,0,0,0,0.6323,0.2474,0.3029,137,66,452.3151841239134,1.8484204430259024,-789.0461863406282,0.5457,
uniform,freeze_traits,0,vectorized,44633,1999.8,0.0006,652,0.0,0,1,0.3,,,,44382,42402,21.360523688601845,0.8656169986119953,,0.5,0.5
uniform,freeze_traits,1,vectorized,21050,928.3,0.0312,466,-0.349,1,0,16.7,,,,20915,20021,21.96325565297912,1.069173809347799,,0.5,0.5
uniform,freeze_traits,2,vectorized,206,0,0.0,,0.0,0,0,0,,,,167,125,216.07667724040977,-0.47802802190969174,,0.5,
uniform,freeze_traits,3,vectorized,43851,1986.2,0.0114,299,-0.002,0,1,5.8,,,,43624,41207,34.32709126299764,1.650582549656492,,0.5,0.5
uniform,freeze_traits,4,vectorized,12039,516.0,0.0523,674,-0.014,0,0,-0.7,,,,11949,11227,15.779403121155921,0.7633605786697851,,0.5,0.5
uniform,freeze_traits,5,vectorized,30636,1378.2,0.0235,967,0.275,1,0,-15.5,,,,30464,27764,24.162818332939313,0.9715761208353667,,0.5,0.5
uniform,freeze_traits,6,vectorized,15351,701.0,0.0509,305,0.221,1,0,-19.0,,,,15190,14493,1.8189021323604304,-0.23047201862574979,,0.5,0.5
uniform,freeze_traits,7,vectorized,11730,509.8,0.0543,347,-0.043,0,0,-6.4,,,,11624,11016,35.798797329489794,1.450241436994016,,0.5,0.5
uniform,freeze_traits,8,vectorized,11907,497.9,0.0366,622,0.229,1,0,-12.5,,,,11767,11007,21.54053285981762,1.0959734713944893,,0.5,0.5
uniform,freeze_traits,9,vectorized,13439,582.3,0.0415,710,0.028,0,0,6.5,,,,13246,12657,0.3197693623839253,1.1149791414712993,,0.5,0.5
uniform,freeze_traits,10,vectorized,40050,1721.0,0.0149,200,-0.091,0,0,10.7,,,,39824,38141,17.19610880800587,1.0178007596218628,,0.5,0.5
uniform,freeze_traits,11,vectorized,12711,544.4,0.0304,511,0.083,0,0,-28.5,,,,12593,12034,13.893474737959965,0.6552190733616184,,0.5,0.5
uniform,freeze_traits,12,vectorized,16870,777.3,0.0489,378,-0.263,1,0,18.9,,,,16736,14866,-8.413621339440231,-0.35404246971950654,,0.5,0.5
uniform,freeze_traits,13,vectorized,27283,1226.1,0.0319,691,0.253,1,0,14.1,,,,27124,25858,-0.4132711555953973,0.392664468681669,,0.5,0.5
uniform,freeze_traits,14,vectorized,42625,1947.3,0.0212,576,-0.245,0,1,-19.3,,,,42394,40464,24.262518134870277,0.9364702544397229,,0.5,0.5
uniform,freeze_traits,15,vectorized,42135,2000,0.0,,0.0,0,1,0,,,,41944,39961,21.00081192659071,0.5250052908435817,,0.5,0.5
uniform,freeze_traits,16,vectorized,24607,1059.0,0.0232,465,0.198,1,0,-16.0,,,,24455,23385,-3.463160464842881,0.30281735026049167,,0.5,0.5
uniform,freeze_traits,17,vectorized,12097,541.6,0.0582,275,0.153,1,0,-40.0,,,,11996,11156,-42.55911411066209,0.8866805125111313,,0.5,0.5
uniform,freeze_traits,18,vectorized,2204,173.3,0.2943,,-0.161,1,0,11.7,,,,2151,1953,35.06682516903356,-1.6928736426760822,,0.5,0.5
uniform,freeze_traits,19,vectorized,583,24.0,0.1855,265,-0.008,1,0,3.8,,,,526,451,184.08265998645552,2.3200060732365277,,0.5,0.5
born_rich,none,0,vectorized,35436,1579.6,0.0306,340,-0.319,1,0,-13.1,-0.0007,0.0022,-0.0037,35262,32732,-4.8066927053381505,0.31794909216145095,17.186210799566812,0.4994,0.0622
born_rich,none,1,vectorized,17158,756.8,0.0532,304,0.322,1,0,-17.1,-0.0009,0.0025,0.0043,17053,16317,9.864024750372177,0.7270340887611794,30.27184610280724,0.4942,0.1334
born_rich,none,2,vectorized,9597,493.4,0.0531,565,-0.011,0,0,46.0,-0.0292,0.0027,-0.1164,9499,8974,-23.528819922865974,-1.2287795738099998,-35.27587296135458,0.4889,0.6622
born_rich,none,3,vectorized,34460,1584.9,0.0274,943,-0.461,1,0,2.9,0.0248,0.0019,0.0814,34284,32822,45.31904205814674,1.1508245068791496,-89.75598871225756,0.4781,0.1728
born_rich,none,4,vectorized,9560,422.9,0.0683,270,0.097,1,0,5.5,0.0191,0.0038,0.0478,9447,8766,17.86908780047852,0.8502392328456927,-22.74442647494333,0.5043,0.1251
born_rich,none,5,vectorized,23030,1066.0,0.0417,,0.334,1,0,20.5,0.0025,0.0028,0.0052,22887,21002,1.4804546596052826,0.46891814723269154,-6.92254962791324,0.4855,0.0818
born_rich,none,6,vectorized,14329,646.1,0.0585,620,0.079,0,0,-12.7,-0.0123,0.0026,0.0005,14203,13602,6.726529616643961,-0.492136674548991,-82.81280561811268,0.5263,0.1979
born_rich,none,7,vectorized,8835,370.3,0.0782,250,0.108,1,0,14.9,0.0379,0.0044,0.0986,8770,8182,64.65368085422737,1.9624456943359854,-157.4129196048944,0.5577,0.0778
born_rich,none,8,vectorized,8104,342.5,0.0813,1000,-0.315,1,0,12.2,-0.0101,0.0052,0.0292,7930,7577,6.847940729921566,0.27023310885563967,121.02743959006706,0.5187,0.0731
born_rich,none,9,vectorized,20196,962.9,0.0329,530,-0.167,1,0,-42.7,-0.044,0.0026,-0.1576,20034,19124,-41.0284970153731,-0.15931996560494982,-58.25629366957163,0.496,0.363
born_rich,none,10,vectorized,34627,1480.1,0.0337,345,0.409,1,0,0.9,0.0109,0.0018,0.0335,34430,32941,21.91921207155028,0.4619086521696599,-21.581881584602563,0.4981,0.1141
born_rich,none,11,vectorized,9894,408.8,0.083,356,0.488,1,0,-16.0,0.0085,0.0038,0.0439,9823,9371,26.034031436756738,0.3920281957386829,-27.897810474125496,0.4877,0.1113
born_rich,none,12,vectorized,16654,758.8,0.0594,367,-0.546,1,0,10.1,-0.002,0.0029,-0.0236,16514,14694,-6.380269162373894,-0.1352031989686421,22.07837812355009,0.5104,0.4616
born_rich,none,13,vectorized,21967,1012.8,0.0371,372,0.041,0,0,7.9,-0.0024,0.0026,-0.0069,21816,20786,19.76043639654166,-0.0683711753077295,-159.91295697885752,0.4954,0.3258
born_rich,none,14,vectorized,39550,1763.1,0.0213,544,0.07,0,0,-24.1,0.0058,0.0017,0.0507,39305,37568,28.152799303535723,0.7362010224070787,-84.78745471775753,0.5295,0.2357
born_rich,none,15,vectorized,39504,1879.0,0.0334,364,-0.587,1,1,-16.8,0.0086,0.002,0.0185,39320,37493,9.261431352110275,0.21892462234821866,25.25405424151495,0.5098,0.1206
born_rich,none,16,vectorized,21748,957.4,0.0557,321,-0.207,1,0,17.1,-0.0028,0.0025,0.0041,21573,20577,-4.731030708968238,0.06913925990890268,66.55118111157444,0.4977,0.1954
born_rich,none,17,vectorized,11137,545.4,0.0379,804,-0.116,1,0,8.7,-0.0403,0.0055,-0.1472,11037,10131,-41.94117854507605,-0.22817906836235768,-133.63446985856928,0.5202,0.3219
born_rich,none,18,vectorized,8213,535.3,0.0558,508,0.074,0,0,-6.6,-0.0157,0.0037,-0.0247,8118,7584,-6.924370244025961,-1.7979516245890246,-130.6400480278207,0.4861,0.8139
born_rich,none,19,vectorized,40,0,0.0,,0.0,0,0,0,,,,0,0,-129.22523864223146,0.0,-701.8313314869906,0.5457,
born_rich,freeze_learning,0,vectorized,40112,1809.4,0.019,491,-0.27,0,1,22.7,0.0033,0.0014,0.0007,39922,37297,3.3087443423806246,0.14448309316842395,9.711801715705217,0.4994,0.6939
born_rich,freeze_learning,1,vectorized,18341,815.1,0.034,516,-0.204,1,0,-30.0,0.0074,0.0025,-0.0043,18230,16300,-0.7225119531896608,0.1726655906464623,39.51425397374969,0.4942,0.7338
born_rich,freeze_learning,2,vectorized,608,29.2,0.5861,595,-0.253,1,0,-5.4,-0.0193,0.0391,-0.0801,562,379,-16.850258132743058,-1.2842805546038054,-162.70025106496323,0.4889,
born_rich,freeze_learning,3,vectorized,36404,1681.5,0.0197,449,-0.032,0,0,32.4,0.0066,0.0015,0.0134,36218,33796,2.609595546104577,0.46534785752668817,37.95638656211042,0.4781,0.6641
born_rich,freeze_learning,4,vectorized,9386,408.8,0.0541,328,-0.044,0,0,18.7,0.0051,0.0035,0.0088,9286,8260,5.271653992715668,0.2570743773080931,19.837614621691205,0.5043,0.7786
born_rich,freeze_learning,5,vectorized,27950,1273.3,0.0233,938,0.076,0,0,21.4,0.0034,0.0017,0.0086,27809,25092,0.5902109608886111,0.24430095619837072,22.68007441347409,0.4855,0.7701
born_rich,freeze_learning,6,vectorized,14203,603.0,0.0455,485,-0.088,0,0,-11.6,0.0036,0.0028,-0.0083,14077,13080,4.078222388917148,0.13974788822166823,108.78103299703909,0.5263,0.7235
born_rich,freeze_learning,7,vectorized,9801,420.1,0.0405,557,0.076,1,0,0.3,0.0097,0.0034,0.0222,9722,8654,9.155780123961552,0.5867135408470416,65.1127373282561,0.5577,0.7945
born_rich,freeze_learning,8,vectorized,10944,492.4,0.0989,410,0.302,1,0,1.8,0.0163,0.0049,0.0822,10864,9614,26.404610982984384,-0.06853480079625855,43.3554619866125,0.5187,0.7779
born_rich,freeze_learning,9,vectorized,5735,263.2,0.1819,,0.077,1,0,5.7,0.0134,0.0059,0.0187,5665,5222,7.67490122537517,0.45596901056656214,-56.974690214174146,0.496,0.5936
born_rich,freeze_learning,10,vectorized,24933,1120.4,0.0264,631,0.072,0,0,-34.1,-0.0011,0.0018,-0.0238,24808,23622,-5.496138408094728,0.2889353243876897,49.49927357003942,0.4981,0.7457
born_rich,freeze_learning,11,vectorized,9555,430.1,0.0635,375,-0.143,1,0,-2.0,-0.001,0.004,-0.0001,9493,8337,8.07742660426394,-0.02746291893597812,8.629032576215119,0.4877,0.6064
born_rich,freeze_learning,12,vectorized,18552,820.3,0.0416,536,0.22,1,0,15.2,0.0061,0.0025,0.0025,18428,16255,2.398975646314817,0.1570439454772282,-9.86569295219725,0.5104,0.793
born_rich,freeze_learning,13,vectorized,17666,772.7,0.0328,371,0.089,0,0,7.0,0.0105,0.0028,0.0393,17486,16060,0.003631271932902483,0.2784907645694679,19.094672490046104,0.4954,0.7691
born_rich,freeze_learning,14,vectorized,29030,1415.4,0.0312,897,-0.644,1,0,-32.7,0.0164,0.0019,0.0808,28876,26516,24.315342901062508,0.250263317503138,12.083646295588277,0.5295,0.7266
born_rich,freeze_learning,15,vectorized,41886,1998.6,0.0022,132,-0.0,0,1,2.9,0.0031,0.0012,0.0013,41694,39709,2.500286417923456,0.18721595878821554,33.123074034714776,0.5098,0.7174
born_rich,freeze_learning,16,vectorized,16229,753.9,0.0379,330,-0.035,0,0,1.9,0.0131,0.0024,0.0469,16101,14544,13.099444771038936,0.14017090074754665,-45.05284774777302,0.4977,0.7772
born_rich,freeze_learning,17,vectorized,9805,423.7,0.0413,1025,-0.129,1,0,-6.4,0.0056,0.0031,-0.0007,9719,8800,0.6601463036151347,0.21966403347302582,24.13642203634903,0.5202,0.757
born_rich,freeze_learning,18,vectorized,1249,62.2,0.1601,925,0.009,0,0,-0.7,-0.0212,0.012,-0.0703,1184,1050,-13.140917326784011,-1.0256477812794793,-214.29661017123325,0.4861,0.9134
born_rich,freeze_learning,19,vectorized,40,0,0.0,,0.0,0,0,0,,,,0,0,-73.56516159548109,0.0,256.359704608718,0.5457,
born_rich,freeze_traits,0,vectorized,44726,1998.0,0.0041,120,0.0,0,1,0.2,,,,44510,42171,19.640455249966617,0.8417344719562323,,0.5,0.5
born_rich,freeze_traits,1,vectorized,21339,938.1,0.035,372,-0.038,0,0,25.5,,,,21197,20233,22.60895097901299,1.1276646162484762,,0.5,0.5
born_rich,freeze_traits,2,vectorized,186,0,0.0,,0.0,0,0,0,,,,144,97,-44.88407058354947,-1.9556622814964466,,0.5,
born_rich,freeze_traits,3,vectorized,44342,1987.6,0.0093,521,0.048,0,1,-22.3,,,,44101,42142,39.49689298090064,1.709815795346818,,0.5,0.5
born_rich,freeze_traits,4,vectorized,12458,533.8,0.0467,415,0.011,0,0,-8.0,,,,12330,11396,22.93823301040245,1.1368236365036593,,0.5,0.5
born_rich,freeze_traits,5,vectorized,30614,1384.3,0.0248,440,0.225,0,0,-37.6,,,,30447,27988,22.608596377498216,1.007278914780895,,0.5,0.5
born_rich,freeze_traits,6,vectorized,15688,718.8,0.0516,460,-0.412,1,0,14.1,,,,15547,14942,-1.6099791614170968,-0.3637829310680566,,0.5,0.5
born_rich,freeze_traits,7,vectorized,11771,501.4,0.0608,1091,-0.102,1,0,-21.9,,,,11685,11104,27.15746593490843,1.5077223129775574,,0.5,0.5
born_rich,freeze_traits,8,vectorized,11480,492.5,0.063,615,-0.104,1,0,-25.6,,,,11299,10387,22.608562139883684,0.8007509818289783,,0.5,0.5
born_rich,freeze_traits,9,vectorized,14301,623.9,0.0295,367,0.031,0,0,17.4,,,,14198,13572,-30.658782039686386,1.030057127006776,,0.5,0.5
born_rich,freeze_traits,10,vectorized,40146,1715.4,0.0273,564,0.007,0,0,10.9,,,,39921,38232,20.572356258434645,1.1309575975251098,,0.5,0.5
born_rich,freeze_traits,11,vectorized,12725,537.5,0.0414,840,0.174,1,0,-29.6,,,,12626,11998,12.685768406384627,0.7145399017165359,,0.5,0.5
born_rich,freeze_traits,12,vectorized,16737,759.4,0.0263,428,-0.028,0,0,6.5,,,,16599,14811,-11.062333713062861,-0.40037516443754734,,0.5,0.5
born_rich,freeze_traits,13,vectorized,26718,1251.8,0.0276,253,0.069,0,0,36.1,,,,26554,25222,-12.680739630624533,0.457102750321928,,0.5,0.5
born_rich,freeze_traits,14,vectorized,42932,1939.8,0.0252,779,-0.156,0,1,8.6,,,,42682,40700,24.10589443133048,0.953034595335793,,0.5,0.5
born_rich,freeze_traits,15,vectorized,42359,2000,0.0,,0.0,0,1,0,,,,42126,40142,23.54771545196301,0.5331412399094793,,0.5,0.5
born_rich,freeze_traits,16,vectorized,24442,1053.0,0.0269,503,-0.112,0,0,-19.0,,,,24265,23206,-2.763490199317733,0.3297286943321071,,0.5,0.5
born_rich,freeze_traits,17,vectorized,11754,504.4,0.0265,524,-0.008,0,0,5.0,,,,11665,10843,15.943762069284734,1.2808335587934643,,0.5,0.5
born_rich,freeze_traits,18,vectorized,2681,186.6,0.1135,636,0.038,1,0,29.3,,,,2623,2401,23.39847264940186,-2.0332305613725046,,0.5,0.5
born_rich,freeze_traits,19,vectorized,617,25.1,0.1196,801,0.001,0,0,2.4,,,,575,530,-439.58222219602646,-2.3256063506412623,,0.5,0.5
born_poor,none,0,vectorized,35125,1601.6,0.0548,578,-0.672,1,0,42.3,0.0012,0.0023,-0.0045,34903,33304,-4.148764954325103,0.1564901057118501,30.038117845366042,0.4994,0.0818
born_poor,none,1,vectorized,17477,755.8,0.0515,489,-0.106,0,0,1.3,0.0003,0.0026,0.0333,17339,16451,20.60960055428256,1.0750072337852403,90.21769248007907,0.4942,0.1444
born_poor,none,2,vectorized,9771,489.8,0.0498,919,-0.206,1,0,-35.6,-0.0226,0.0027,-0.1101,9680,9215,-19.822048110207,-1.3737332849164006,-29.500214586897144,0.4889,0.6332
born_poor,none,3,vectorized,26686,1187.3,0.0389,693,0.169,0,0,22.9,0.0304,0.0023,0.0702,26509,25236,37.9812613412397,1.3418560515195062,-57.15199427761448,0.4781,0.1292
born_poor,none,4,vectorized,9976,423.0,0.0916,580,0.009,0,0,-16.4,0.022,0.0041,0.0263,9873,9010,17.204638240810606,0.48843571954919807,-52.9212009352279,0.5043,0.1264
born_poor,none,5,vectorized,23032,1067.0,0.0545,540,0.187,1,0,85.2,0.0062,0.0029,0.0041,22904,20598,6.583718204778128,0.20102577648202052,-24.561292965972502,0.4855,0.095
born_poor,none,6,vectorized,6594,301.8,0.0658,289,-0.073,1,0,-0.3,-0.0147,0.0034,-0.031,6514,6220,-5.800691823299722,-0.7400975574399494,35.98854882655541,0.5263,0.2353
born_poor,none,7,vectorized,9065,381.4,0.0826,705,-0.059,0,0,32.5,0.0492,0.0045,0.1191,8973,8588,77.38823004347668,1.8855949382870634,-175.66332948973098,0.5577,0.0648
born_poor,none,8,vectorized,8029,353.4,0.0772,231,0.295,1,0,-0.2,-0.0143,0.0062,0.0231,7884,7173,13.665774467084983,0.1729093517014198,77.04942526726231,0.5187,0.0726
born_poor,none,9,vectorized,13521,634.7,0.0877,405,0.891,1,0,78.1,-0.0352,0.003,-0.1193,13291,12465,-13.94772070246183,0.6722404691860803,95.85438633007523,0.496,0.4156
born_poor,none,10,vectorized,32645,1453.4,0.0427,648,-0.142,0,0,-32.4,0.0063,0.002,0.0307,32422,30988,28.063484108194594,0.5707762338384196,-44.32102712188332,0.4981,0.111
born_poor,none,11,vectorized,9233,409.7,0.0901,518,-0.366,1,0,-17.7,0.0052,0.0043,0.0121,9082,8701,26.439633834879114,0.39181955455905826,-100.64883046357998,0.4877,0.0949
born_poor,none,12,vectorized,15958,734.1,0.0379,305,-0.013,0,0,3.2,-0.0051,0.0034,-0.0661,15826,13892,-26.985561670229497,-0.27766414093416797,-34.705038186256566,0.5104,0.4872
born_poor,none,13,vectorized,13791,665.2,0.0732,940,-0.077,0,0,-30.3,-0.0291,0.0037,-0.0599,13640,13020,-7.887682152596047,-0.06982538039875057,-127.09301155015552,0.4954,0.378
born_poor,none,14,vectorized,38633,1776.5,0.0211,585,-0.232,0,0,-22.8,0.0226,0.0017,0.0364,38428,36696,22.894761868802163,0.738088009296324,-71.53226268435874,0.5295,0.2568
born_poor,none,15,vectorized,32513,1498.2,0.0413,434,-0.458,1,0,45.5,0.0067,0.0022,0.0167,32331,30883,10.090520154415794,0.20983052793561216,49.8282337176763,0.5098,0.1636
born_poor,none,16,vectorized,8482,362.8,0.071,720,-0.19,1,0,-16.6,-0.0045,0.0053,0.0112,8379,7742,4.9741169610050004,0.5140603693045559,48.94276325005016,0.4977,0.072
born_poor,none,17,vectorized,11233,536.5,0.0774,293,-0.074,0,0,34.7,-0.0521,0.0055,-0.1665,11118,10333,-24.93420175207058,-0.29067588452328474,-147.4937346107856,0.5202,0.3721
born_poor,none,18,vectorized,6123,544.8,0.0768,,-0.11,1,0,-8.5,0.0037,0.005,0.0048,6032,5418,18.107249824607173,-1.4118847454417451,-235.795216289909,0.4861,0.82
born_poor,none,19,vectorized,640,25.0,0.1448,390,-0.012,1,0,-0.8,-0.0156,0.0481,0.0755,584,542,139.19047722857925,3.3249018134469974,-82.8113355144086,0.5457,0.1702
born_poor,freeze_learning,0,vectorized,39048,1804.4,0.0227,552,0.241,0,1,-25.2,0.0055,0.0015,-0.0065,38840,36345,-1.0733354799472545,0.08668044557534435,49.96845883769097,0.4994,0.7104
born_poor,freeze_learning,1,vectorized,8698,388.9,0.0685,1045,-0.276,1,0,-18.7,0.0094,0.0043,0.0031,8614,7476,11.607453726633572,0.09971463862332215,-66.12184153934301,0.4942,0.8383
born_poor,freeze_learning,2,vectorized,216,0,0.0,,0.0,0,0,0,1.1454,0.2111,0.1841,173,22,127.64079630181362,0.45028937869051,58.1803516079371,0.4889,
born_poor,freeze_learning,3,vectorized,33110,1683.5,0.0276,712,0.092,0,0,-29.3,0.0063,0.0019,0.0145,32911,30065,8.349110477472601,0.359057823218257,31.60686112011093,0.4781,0.6829
born_poor,freeze_learning,4,vectorized,9923,431.0,0.0495,608,-0.177,1,0,3.6,0.0174,0.0037,-0.0082,9853,8815,2.728684330253682,0.08017988022906322,29.736714038482962,0.5043,0.7626
born_poor,freeze_learning,5,vectorized,28208,1275.7,0.0287,948,0.174,0,0,-18.5,0.0022,0.0019,-0.0093,28057,26060,-2.219426494131879,0.18303782756522083,53.68226831173863,0.4855,0.7447
born_poor,freeze_learning,6,vectorized,3675,163.5,0.1176,844,-0.195,1,0,-2.9,-0.0161,0.0059,-0.0483,3612,3479,-9.516292480374835,-0.42510503140497563,-16.040031068724584,0.5263,0.6303
born_poor,freeze_learning,7,vectorized,9256,422.0,0.0567,358,-0.042,0,0,0.5,0.0132,0.0037,0.0372,9152,8061,19.841723093860026,0.6848362869699253,-68.12549515968911,0.5577,0.7402
born_poor,freeze_learning,8,vectorized,10893,489.1,0.038,682,0.055,0,0,-24.8,0.0092,0.0045,0.0687,10692,9826,17.414238216999067,-0.10924536599123942,27.09698231888423,0.5187,0.8432
born_poor,freeze_learning,9,vectorized,99,0,0.0,,0.0,0,0,0,0.6813,0.4156,0.2213,51,14,199.51533930572043,0.8567020547895121,-151.53296796827433,0.496,
born_poor,freeze_learning,10,vectorized,22004,1108.4,0.0348,770,0.12,0,0,-7.7,-0.0046,0.0024,-0.0134,21826,20265,4.272835220507762,0.2827088724275227,34.092993229433596,0.4981,0.7224
born_poor,freeze_learning,11,vectorized,9346,431.5,0.0565,859,0.043,0,0,10.7,0.0371,0.0045,0.0105,9226,8145,8.850341103733205,-0.07385874053717555,-32.972831377852984,0.4877,0.6033
born_poor,freeze_learning,12,vectorized,18300,822.9,0.0299,265,0.094,0,0,-14.7,0.0103,0.0026,0.0018,18176,16092,6.598299001973397,0.25065353993934664,27.305269108261076,0.5104,0.8126
born_poor,freeze_learning,13,vectorized,9603,413.0,0.0236,735,-0.0,0,0,-10.7,0.0104,0.0039,-0.0043,9527,8485,9.48400087528911,0.3143345643258806,20.650514598634935,0.4954,0.7788
born_poor,freeze_learning,14,vectorized,28707,1391.3,0.023,414,-0.225,0,0,-13.3,0.0406,0.0019,0.0854,28559,27228,23.835968838688295,0.0646460621549341,10.207753403078184,0.5295,0.7202
born_poor,freeze_learning,15,vectorized,41005,1999.2,0.0022,103,-0.045,0,1,-2.8,0.0009,0.0013,-0.002,40765,38820,5.953629377648885,0.04665136396679107,26.489286174936645,0.5098,0.7038
born_poor,freeze_learning,16,vectorized,10288,465.8,0.05,851,0.246,1,0,29.0,0.025,0.0032,0.0964,10206,9073,32.17829636084247,0.25922301513213764,-108.18546761433436,0.4977,0.753
born_poor,freeze_learning,17,vectorized,9829,429.3,0.0442,713,0.007,0,0,5.9,0.0062,0.0035,0.0107,9741,8534,16.61510138926989,0.22666743239054635,13.923304220817936,0.5202,0.7863
born_poor,freeze_learning,18,vectorized,927,43.1,0.2294,345,0.004,0,0,9.3,-0.0374,0.0202,-0.0285,862,716,42.18569516932734,0.0962497003786619,124.41059914511817,0.4861,0.1744
born_poor,freeze_learning,19,vectorized,75,0,0.0,,0.0,0,0,0,,,,20,5,459.4431381649281,2.253941517447717,-562.1546757261378,0.5457,
born_poor,freeze_traits,0,vectorized,44543,1999.8,0.0009,422,0.008,0,1,-0.4,,,,44279,42292,20.11067745571531,0.7968979464471657,,0.5,0.5
born_poor,freeze_traits,1,vectorized,20695,926.2,0.0322,662,0.033,0,0,41.7,,,,20532,19073,23.999734301314668,1.2192485921702465,,0.5,0.5
born_poor,freeze_traits,2,vectorized,891,56.6,0.4874,550,-0.169,1,0,7.6,,,,837,714,99.79658764314823,-0.6884430352361348,,0.5,0.5
born_poor,freeze_traits,3,vectorized,33858,1922.9,0.0744,418,0.021,0,1,-2.5,,,,33580,31542,33.66719804908595,1.3140111041375837,,0.5,0.5
born_poor,freeze_traits,4,vectorized,12317,522.0,0.0768,839,-0.269,1,0,42.7,,,,12226,11451,16.418206962673402,0.8400742447734793,,0.5,0.5
born_poor,freeze_traits,5,vectorized,30943,1379.0,0.0218,286,0.042,0,0,-45.0,,,,30767,28343,17.57480857794358,0.8421715119870832,,0.5,0.5
born_poor,freeze_traits,6,vectorized,6558,298.9,0.0612,808,0.065,1,0,-31.0,,,,6475,6134,-6.8995643567662786,-0.5570926090596158,,0.5,0.5
born_poor,freeze_traits,7,vectorized,11516,508.0,0.049,795,-0.196,1,0,3.2,,,,11414,10489,33.501417637839914,1.5489067567930488,,0.5,0.5
born_poor,freeze_traits,8,vectorized,11519,498.1,0.0502,319,-0.249,1,0,-16.9,,,,11410,10730,24.936135424225228,0.7970811619792486,,0.5,0.5
born_poor,freeze_traits,9,vectorized,695,36.8,0.2516,370,-0.007,1,0,3.2,,,,640,502,124.58965354564701,-0.18271992606062892,,0.5,0.5
born_poor,freeze_traits,10,vectorized,38809,1708.1,0.0279,876,-0.033,0,0,53.5,,,,38534,36801,19.806080864629966,1.0928215786624136,,0.5,0.5
born_poor,freeze_traits,11,vectorized,12304,532.0,0.0405,360,-0.066,0,0,-16.1,,,,12153,11620,11.483507344657548,0.6401310019620224,,0.5,0.5
born_poor,freeze_traits,12,vectorized,16792,768.9,0.0364,300,-0.027,0,0,-14.7,,,,16648,14627,-18.328858515751545,-0.3893409543423092,,0.5,0.5
born_poor,freeze_traits,13,vectorized,21360,1216.5,0.0292,846,0.307,1,0,4.6,,,,21179,19949,-20.039393804619966,0.26499418873004915,,0.5,0.5
born_poor,freeze_traits,14,vectorized,33015,1611.1,0.157,,-0.339,1,0,280.9,,,,32770,30862,25.4150148893775,1.066701343056469,,0.5,0.5
born_poor,freeze_traits,15,vectorized,40877,1928.8,0.0252,801,0.139,0,1,60.0,,,,40625,37630,17.644741894352546,0.4454620015297377,,0.5,0.5
born_poor,freeze_traits,16,vectorized,11536,511.1,0.0526,796,0.166,1,0,-10.4,,,,11433,10915,31.806956017552025,0.82919239605437,,0.5,0.5
born_poor,freeze_traits,17,vectorized,11952,520.0,0.0312,330,0.056,0,0,-2.5,,,,11840,10956,-33.45162695491074,0.8811732428213328,,0.5,0.5
born_poor,freeze_traits,18,vectorized,2915,210.4,0.1472,644,-0.121,1,0,-50.0,,,,2864,2689,21.563000677275742,-2.167540953740781,,0.5,0.5
born_poor,freeze_traits,19,vectorized,577,23.5,0.2705,516,0.026,1,0,-0.6,,,,524,447,136.14509079828102,3.314664869581673,,0.5,0.5
