i,j,affect_decay,shielding,n,died,rate
0,0,0.00150,0.9800,120,113,0.9417
1,0,0.00196,0.9800,120,95,0.7917
2,0,0.00242,0.9800,120,75,0.6250
3,0,0.00288,0.9800,120,43,0.3583
4,0,0.00335,0.9800,120,32,0.2667
5,0,0.00381,0.9800,120,16,0.1333
6,0,0.00427,0.9800,120,3,0.0250
7,0,0.00473,0.9800,120,0,0.0000
8,0,0.00519,0.9800,120,0,0.0000
9,0,0.00565,0.9800,120,0,0.0000
10,0,0.00612,0.9800,120,0,0.0000
11,0,0.00658,0.9800,120,0,0.0000
12,0,0.00704,0.9800,120,0,0.0000
13,0,0.00750,0.9800,120,0,0.0000
0,1,0.00150,0.9277,120,112,0.9333
1,1,0.00196,0.9277,120,89,0.7417
2,1,0.00242,0.9277,120,62,0.5167
3,1,0.00288,0.9277,120,42,0.3500
4,1,0.00335,0.9277,120,33,0.2750
5,1,0.00381,0.9277,120,14,0.1167
6,1,0.00427,0.9277,120,6,0.0500
7,1,0.00473,0.9277,120,1,0.0083
8,1,0.00519,0.9277,120,0,0.0000
9,1,0.00565,0.9277,120,0,0.0000
10,1,0.00612,0.9277,120,0,0.0000
11,1,0.00658,0.9277,120,0,0.0000
12,1,0.00704,0.9277,120,0,0.0000
13,1,0.00750,0.9277,120,0,0.0000
0,2,0.00150,0.8754,120,115,0.9583
1,2,0.00196,0.8754,120,102,0.8500
2,2,0.00242,0.8754,120,67,0.5583
3,2,0.00288,0.8754,120,46,0.3833
4,2,0.00335,0.8754,120,23,0.1917
5,2,0.00381,0.8754,120,13,0.1083
6,2,0.00427,0.8754,120,4,0.0333
7,2,0.00473,0.8754,120,1,0.0083
8,2,0.00519,0.8754,120,0,0.0000
9,2,0.00565,0.8754,120,0,0.0000
10,2,0.00612,0.8754,120,0,0.0000
11,2,0.00658,0.8754,120,0,0.0000
12,2,0.00704,0.8754,120,0,0.0000
13,2,0.00750,0.8754,120,0,0.0000
0,3,0.00150,0.8231,120,108,0.9000
1,3,0.00196,0.8231,120,88,0.7333
2,3,0.00242,0.8231,120,63,0.5250
3,3,0.00288,0.8231,120,42,0.3500
4,3,0.00335,0.8231,120,26,0.2167
5,3,0.00381,0.8231,120,15,0.1250
6,3,0.00427,0.8231,120,1,0.0083
7,3,0.00473,0.8231,120,2,0.0167
8,3,0.00519,0.8231,120,1,0.0083
9,3,0.00565,0.8231,120,0,0.0000
10,3,0.00612,0.8231,120,0,0.0000
11,3,0.00658,0.8231,120,0,0.0000
12,3,0.00704,0.8231,120,0,0.0000
13,3,0.00750,0.8231,120,0,0.0000
0,4,0.00150,0.7708,120,110,0.9167
1,4,0.00196,0.7708,120,89,0.7417
2,4,0.00242,0.7708,120,57,0.4750
3,4,0.00288,0.7708,120,49,0.4083
4,4,0.00335,0.7708,120,27,0.2250
5,4,0.00381,0.7708,120,11,0.0917
6,4,0.00427,0.7708,120,2,0.0167
7,4,0.00473,0.7708,120,0,0.0000
8,4,0.00519,0.7708,120,0,0.0000
9,4,0.00565,0.7708,120,0,0.0000
10,4,0.00612,0.7708,120,0,0.0000
11,4,0.00658,0.7708,120,0,0.0000
12,4,0.00704,0.7708,120,0,0.0000
13,4,0.00750,0.7708,120,0,0.0000
0,5,0.00150,0.7185,120,111,0.9250
1,5,0.00196,0.7185,120,91,0.7583
2,5,0.00242,0.7185,120,59,0.4917
3,5,0.00288,0.7185,120,40,0.3333
4,5,0.00335,0.7185,120,20,0.1667
5,5,0.00381,0.7185,120,21,0.1750
6,5,0.00427,0.7185,120,2,0.0167
7,5,0.00473,0.7185,120,1,0.0083
8,5,0.00519,0.7185,120,0,0.0000
9,5,0.00565,0.7185,120,0,0.0000
10,5,0.00612,0.7185,120,0,0.0000
11,5,0.00658,0.7185,120,0,0.0000
12,5,0.00704,0.7185,120,0,0.0000
13,5,0.00750,0.7185,120,0,0.0000
0,6,0.00150,0.6662,120,113,0.9417
1,6,0.00196,0.6662,120,93,0.7750
2,6,0.00242,0.6662,120,72,0.6000
3,6,0.00288,0.6662,120,43,0.3583
4,6,0.00335,0.6662,120,27,0.2250
5,6,0.00381,0.6662,120,15,0.1250
6,6,0.00427,0.6662,120,1,0.0083
7,6,0.00473,0.6662,120,2,0.0167
8,6,0.00519,0.6662,120,0,0.0000
9,6,0.00565,0.6662,120,0,0.0000
10,6,0.00612,0.6662,120,0,0.0000
11,6,0.00658,0.6662,120,0,0.0000
12,6,0.00704,0.6662,120,0,0.0000
13,6,0.00750,0.6662,120,0,0.0000
0,7,0.00150,0.6138,120,110,0.9167
1,7,0.00196,0.6138,120,87,0.7250
2,7,0.00242,0.6138,120,55,0.4583
3,7,0.00288,0.6138,120,46,0.3833
4,7,0.00335,0.6138,120,21,0.1750
5,7,0.00381,0.6138,120,11,0.0917
6,7,0.00427,0.6138,120,3,0.0250
7,7,0.00473,0.6138,120,0,0.0000
8,7,0.00519,0.6138,120,0,0.0000
9,7,0.00565,0.6138,120,0,0.0000
10,7,0.00612,0.6138,120,0,0.0000
11,7,0.00658,0.6138,120,0,0.0000
12,7,0.00704,0.6138,120,0,0.0000
13,7,0.00750,0.6138,120,0,0.0000
0,8,0.00150,0.5615,120,111,0.9250
1,8,0.00196,0.5615,120,90,0.7500
2,8,0.00242,0.5615,120,58,0.4833
3,8,0.00288,0.5615,120,41,0.3417
4,8,0.00335,0.5615,120,22,0.1833
5,8,0.00381,0.5615,120,13,0.1083
6,8,0.00427,0.5615,120,1,0.0083
7,8,0.00473,0.5615,120,0,0.0000
8,8,0.00519,0.5615,120,0,0.0000
9,8,0.00565,0.5615,120,0,0.0000
10,8,0.00612,0.5615,120,0,0.0000
11,8,0.00658,0.5615,120,0,0.0000
12,8,0.00704,0.5615,120,0,0.0000
13,8,0.00750,0.5615,120,0,0.0000
0,9,0.00150,0.5092,120,104,0.8667
1,9,0.00196,0.5092,120,81,0.6750
2,9,0.00242,0.5092,120,60,0.5000
3,9,0.00288,0.5092,120,42,0.3500
4,9,0.00335,0.5092,120,20,0.1667
5,9,0.00381,0.5092,120,7,0.0583
6,9,0.00427,0.5092,120,2,0.0167
7,9,0.00473,0.5092,120,1,0.0083
8,9,0.00519,0.5092,120,0,0.0000
9,9,0.00565,0.5092,120,0,0.0000
10,9,0.00612,0.5092,120,0,0.0000
11,9,0.00658,0.5092,120,0,0.0000
12,9,0.00704,0.5092,120,0,0.0000
13,9,0.00750,0.5092,120,0,0.0000
0,10,0.00150,0.4569,120,108,0.9000
1,10,0.00196,0.4569,120,83,0.6917
2,10,0.00242,0.4569,120,56,0.4667
3,10,0.00288,0.4569,120,41,0.3417
4,10,0.00335,0.4569,120,22,0.1833
5,10,0.00381,0.4569,120,10,0.0833
6,10,0.00427,0.4569,120,1,0.0083
7,10,0.00473,0.4569,120,0,0.0000
8,10,0.00519,0.4569,120,0,0.0000
9,10,0.00565,0.4569,120,0,0.0000
10,10,0.00612,0.4569,120,0,0.0000
11,10,0.00658,0.4569,120,0,0.0000
12,10,0.00704,0.4569,120,0,0.0000
13,10,0.00750,0.4569,120,0,0.0000
0,11,0.00150,0.4046,120,102,0.8500
1,11,0.00196,0.4046,120,82,0.6833
2,11,0.00242,0.4046,120,57,0.4750
3,11,0.00288,0.4046,120,41,0.3417
4,11,0.00335,0.4046,120,26,0.2167
5,11,0.00381,0.4046,120,6,0.0500
6,11,0.00427,0.4046,120,5,0.0417
7,11,0.00473,0.4046,120,0,0.0000
8,11,0.00519,0.4046,120,0,0.0000
9,11,0.00565,0.4046,120,0,0.0000
10,11,0.00612,0.4046,120,0,0.0000
11,11,0.00658,0.4046,120,0,0.0000
12,11,0.00704,0.4046,120,0,0.0000
13,11,0.00750,0.4046,120,0,0.0000
0,12,0.00150,0.3523,120,106,0.8833
1,12,0.00196,0.3523,120,75,0.6250
2,12,0.00242,0.3523,120,53,0.4417
3,12,0.00288,0.3523,120,45,0.3750
4,12,0.00335,0.3523,120,20,0.1667
5,12,0.00381,0.3523,120,7,0.0583
6,12,0.00427,0.3523,120,6,0.0500
7,12,0.00473,0.3523,120,0,0.0000
8,12,0.00519,0.3523,120,0,0.0000
9,12,0.00565,0.3523,120,0,0.0000
10,12,0.00612,0.3523,120,0,0.0000
11,12,0.00658,0.3523,120,0,0.0000
12,12,0.00704,0.3523,120,0,0.0000
13,12,0.00750,0.3523,120,0,0.0000
0,13,0.00150,0.3000,120,106,0.8833
1,13,0.00196,0.3000,120,77,0.6417
2,13,0.00242,0.3000,120,50,0.4167
3,13,0.00288,0.3000,120,28,0.2333
4,13,0.00335,0.3000,120,22,0.1833
5,13,0.00381,0.3000,120,15,0.1250
6,13,0.00427,0.3000,120,3,0.0250
7,13,0.00473,0.3000,120,1,0.0083
8,13,0.00519,0.3000,120,0,0.0000
9,13,0.00565,0.3000,120,0,0.0000
10,13,0.00612,0.3000,120,0,0.0000
11,13,0.00658,0.3000,120,0,0.0000
12,13,0.00704,0.3000,120,0,0.0000
13,13,0.00750,0.3000,120,0,0.0000
