cell,grief,slots,decay,exempt,seed,n_parents,n_bereaved,n_nonbereaved,martyr_selfneglect,vigil_death_rate,released,alive_latched,median_vigil_len,nonb_selfneglect,nonb_death_rate,final_pop,extinct
d0.002_s1,1,1,0.002,,0,411,88,323,0.7727,0.9886,0,1,19,0.709,0.7337,250,0
d0.002_s1,1,1,0.002,,1,108,54,54,0.8148,0.8704,0,7,116,0.4444,0.463,250,0
d0.002_s1,1,1,0.002,,2,106,41,65,0.8293,0.9512,0,2,68,0.3385,0.3692,250,0
d0.002_s1,1,1,0.002,,3,102,42,60,0.9524,0.9762,0,1,66,0.2833,0.3,250,0
d0.002_s1,1,1,0.002,,4,179,87,92,0.8161,0.9195,0,7,52,0.7609,0.7935,250,0
d0.002_s1,1,1,0.002,,5,100,45,55,0.8444,0.9778,0,1,91,0.2909,0.3091,250,0
d0.002_s1,1,1,0.002,,6,95,40,55,0.7,1.0,0,0,64,0.2,0.2727,250,0
d0.002_s1,1,1,0.002,,7,108,34,74,0.7941,0.9706,0,1,73,0.2432,0.2838,250,0
d0.002_s2,1,2,0.002,,0,957,151,806,0.0728,1.0,0,0,21,0.0298,0.8747,250,0
d0.002_s2,1,2,0.002,,1,102,43,59,0.5581,0.7907,2,7,87,0.339,0.7966,250,0
d0.002_s2,1,2,0.002,,2,93,53,40,0.3962,0.8302,2,7,70,0.075,0.475,250,0
d0.002_s2,1,2,0.002,,3,144,63,81,0.3175,0.7302,0,17,35,0.358,0.9259,250,0
d0.002_s2,1,2,0.002,,4,181,83,98,0.5181,0.9277,0,6,28,0.2959,0.898,250,0
d0.002_s2,1,2,0.002,,5,115,45,70,0.4,0.4667,18,6,96,0.5,0.5143,250,0
d0.002_s2,1,2,0.002,,6,101,47,54,0.6596,0.8511,1,6,79,0.2593,0.6667,250,0
d0.002_s2,1,2,0.002,,7,103,54,49,0.5556,0.7963,1,10,91,0.1224,0.2449,250,0
d0.002_s3,1,3,0.002,,0,1358,203,1155,0.0394,0.9754,0,5,26,0.11,0.897,250,0
d0.002_s3,1,3,0.002,,1,98,44,54,0.5227,0.8409,2,5,38,0.3704,0.8889,250,0
d0.002_s3,1,3,0.002,,2,107,57,50,0.6842,0.9649,0,2,82,0.16,0.76,250,0
d0.002_s3,1,3,0.002,,3,177,94,83,0.3723,0.8191,0,17,50,0.6024,0.9518,250,0
d0.002_s3,1,3,0.002,,4,279,129,150,0.5814,0.9535,0,6,42,0.3867,0.84,250,0
d0.002_s3,1,3,0.002,,5,109,21,88,0.6667,0.8571,2,1,92,0.1364,0.1477,250,0
d0.002_s3,1,3,0.002,,6,98,36,62,0.75,0.8333,2,4,87,0.4516,0.7581,250,0
d0.002_s3,1,3,0.002,,7,100,33,67,0.2424,0.697,0,10,53,0.0597,0.2388,250,0
d0.004_s1,1,1,0.004,,0,411,88,323,0.7727,0.9886,0,1,19,0.709,0.7337,250,0
d0.004_s1,1,1,0.004,,1,108,51,57,0.8824,0.9608,0,2,100,0.4035,0.4211,250,0
d0.004_s1,1,1,0.004,,2,106,41,65,0.8293,0.9512,0,2,68,0.3385,0.3692,250,0
d0.004_s1,1,1,0.004,,3,102,42,60,0.9524,0.9762,0,1,66,0.2833,0.3,250,0
d0.004_s1,1,1,0.004,,4,179,87,92,0.8161,0.9195,0,7,52,0.7609,0.7935,250,0
d0.004_s1,1,1,0.004,,5,100,45,55,0.8444,0.9778,0,1,91,0.2909,0.3091,250,0
d0.004_s1,1,1,0.004,,6,95,44,51,0.6818,0.9318,1,2,71,0.2549,0.3137,250,0
d0.004_s1,1,1,0.004,,7,108,34,74,0.7941,0.9706,0,1,73,0.2432,0.2838,250,0
d0.004_s2,1,2,0.004,,0,971,169,802,0.0592,0.9822,0,3,15,0.02,0.8678,250,0
d0.004_s2,1,2,0.004,,1,102,47,55,0.3617,0.6383,9,8,73,0.4,0.8,250,0
d0.004_s2,1,2,0.004,,2,95,46,49,0.5435,0.9348,1,2,63,0.1837,0.5714,250,0
d0.004_s2,1,2,0.004,,3,163,83,80,0.3976,0.7108,3,21,56,0.4625,0.9,250,0
d0.004_s2,1,2,0.004,,4,188,80,108,0.575,0.9375,0,5,35,0.3241,0.8148,250,0
d0.004_s2,1,2,0.004,,5,115,56,59,0.3214,0.3571,34,2,98,0.4915,0.5085,250,0
d0.004_s2,1,2,0.004,,6,101,48,53,0.5833,0.7708,7,4,66,0.3774,0.7547,250,0
d0.004_s2,1,2,0.004,,7,104,50,54,0.62,0.86,1,6,99,0.1296,0.2963,250,0
d0.004_s3,1,3,0.004,,0,1389,215,1174,0.0465,0.9814,0,4,31,0.1031,0.8918,250,0
d0.004_s3,1,3,0.004,,1,107,43,64,0.6279,0.907,1,3,65,0.3906,0.875,250,0
d0.004_s3,1,3,0.004,,2,103,47,56,0.4255,0.9149,1,3,62,0.125,0.625,250,0
d0.004_s3,1,3,0.004,,3,190,89,101,0.4944,0.8315,2,13,39,0.6238,0.9505,250,0
d0.004_s3,1,3,0.004,,4,315,150,165,0.56,0.94,0,9,26,0.5273,0.8606,250,0
d0.004_s3,1,3,0.004,,5,109,24,85,0.5,0.6667,6,2,95,0.1529,0.1647,250,0
d0.004_s3,1,3,0.004,,6,98,45,53,0.6889,0.8444,4,3,72,0.3962,0.6415,250,0
d0.004_s3,1,3,0.004,,7,100,47,53,0.4043,0.7234,3,10,94,0.1887,0.283,250,0
d0.012_s1,1,1,0.012,,0,411,88,323,0.7727,0.9886,0,1,19,0.709,0.7337,250,0
d0.012_s1,1,1,0.012,,1,108,47,61,0.6596,0.6809,9,6,88,0.459,0.4754,250,0
d0.012_s1,1,1,0.012,,2,106,41,65,0.8293,0.9512,0,2,68,0.3385,0.3692,250,0
d0.012_s1,1,1,0.012,,3,102,35,67,0.7429,0.7714,1,7,56,0.2836,0.2985,250,0
d0.012_s1,1,1,0.012,,4,179,95,84,0.8211,0.9368,0,6,43,0.7976,0.8333,250,0
d0.012_s1,1,1,0.012,,5,100,36,64,0.5278,0.7222,8,2,58,0.2656,0.2812,250,0
d0.012_s1,1,1,0.012,,6,95,38,57,0.6842,0.9474,0,2,69,0.2982,0.3158,250,0
d0.012_s1,1,1,0.012,,7,108,33,75,0.8182,0.8485,0,5,80,0.24,0.2933,250,0
d0.012_s2,1,2,0.012,,0,936,168,768,0.0595,0.9821,0,3,18,0.0286,0.8672,250,0
d0.012_s2,1,2,0.012,,1,102,45,57,0.4,0.6222,16,1,75,0.386,0.7895,250,0
d0.012_s2,1,2,0.012,,2,94,50,44,0.38,0.84,8,0,65,0.1136,0.4545,250,0
d0.012_s2,1,2,0.012,,3,161,66,95,0.3333,0.5909,12,15,53,0.3789,0.8737,250,0
d0.012_s2,1,2,0.012,,4,177,77,100,0.3636,0.8052,3,12,23,0.39,0.91,250,0
d0.012_s2,1,2,0.012,,5,115,48,67,0.1875,0.2292,37,0,71,0.5672,0.5821,250,0
d0.012_s2,1,2,0.012,,6,101,40,61,0.575,0.725,8,3,55,0.3279,0.7213,250,0
d0.012_s2,1,2,0.012,,7,103,48,55,0.4375,0.6875,7,8,65,0.1455,0.3818,250,0
d0.012_s3,1,3,0.012,,0,1364,211,1153,0.0427,0.9716,1,5,21,0.1006,0.8899,250,0
d0.012_s3,1,3,0.012,,1,103,44,59,0.5455,0.7727,10,0,62,0.3729,0.8814,250,0
d0.012_s3,1,3,0.012,,2,103,49,54,0.5102,0.8776,5,1,61,0.1852,0.7593,250,0
d0.012_s3,1,3,0.012,,3,190,86,104,0.4767,0.7558,17,4,37,0.4904,0.8654,250,0
d0.012_s3,1,3,0.012,,4,274,128,146,0.5859,0.9141,2,9,27,0.4315,0.911,250,0
d0.012_s3,1,3,0.012,,5,109,25,84,0.36,0.52,12,0,52,0.2024,0.2143,250,0
d0.012_s3,1,3,0.012,,6,98,39,59,0.6667,0.7436,9,1,63,0.3559,0.6949,250,0
d0.012_s3,1,3,0.012,,7,100,44,56,0.4318,0.5682,12,7,97,0.1071,0.3393,250,0
baseline_s1,0,1,,,0,411,0,411,,,0,0,,0.7324,0.7713,250,0
baseline_s1,0,1,,,1,108,0,108,,,0,0,,0.3333,0.3426,250,0
baseline_s1,0,1,,,2,106,0,106,,,0,0,,0.3868,0.4151,250,0
baseline_s1,0,1,,,3,102,0,102,,,0,0,,0.3431,0.3431,250,0
baseline_s1,0,1,,,4,142,0,142,,,0,0,,0.831,0.8592,250,0
baseline_s1,0,1,,,5,100,0,100,,,0,0,,0.28,0.37,250,0
baseline_s1,0,1,,,6,95,0,95,,,0,0,,0.4316,0.4842,250,0
baseline_s1,0,1,,,7,108,0,108,,,0,0,,0.2778,0.3704,250,0
baseline_s2,0,2,,,0,927,0,927,,,0,0,,0.0108,0.8813,250,0
baseline_s2,0,2,,,1,102,0,102,,,0,0,,0.3137,0.6765,250,0
baseline_s2,0,2,,,2,93,0,93,,,0,0,,0.086,0.4839,250,0
baseline_s2,0,2,,,3,165,0,165,,,0,0,,0.297,0.8242,250,0
baseline_s2,0,2,,,4,165,0,165,,,0,0,,0.2303,0.8788,250,0
baseline_s2,0,2,,,5,114,0,114,,,0,0,,0.3772,0.4035,250,0
baseline_s2,0,2,,,6,101,0,101,,,0,0,,0.3564,0.6535,250,0
baseline_s2,0,2,,,7,104,0,104,,,0,0,,0.1154,0.3365,250,0
baseline_s3,0,3,,,0,1382,0,1382,,,0,0,,0.0774,0.9074,250,0
baseline_s3,0,3,,,1,98,0,98,,,0,0,,0.4082,0.8265,250,0
baseline_s3,0,3,,,2,106,0,106,,,0,0,,0.0755,0.5189,250,0
baseline_s3,0,3,,,3,198,0,198,,,0,0,,0.4697,0.8939,250,0
baseline_s3,0,3,,,4,241,0,241,,,0,0,,0.3734,0.8755,250,0
baseline_s3,0,3,,,5,109,0,109,,,0,0,,0.0826,0.1284,250,0
baseline_s3,0,3,,,6,98,0,98,,,0,0,,0.4388,0.7755,250,0
baseline_s3,0,3,,,7,104,0,104,,,0,0,,0.0865,0.375,250,0
private_channel,1,1,0.004,hydration,0,1560,188,1372,0.6809,0.9894,0,2,13,0.8025,0.9082,250,0
private_channel,1,1,0.004,hydration,1,108,55,53,0.7818,1.0,0,0,58,0.6038,0.6604,250,0
private_channel,1,1,0.004,hydration,2,109,51,58,0.8627,1.0,0,0,42,0.5172,0.7069,250,0
private_channel,1,1,0.004,hydration,3,249,104,145,0.875,0.9712,0,3,47,0.8,0.8345,250,0
private_channel,1,1,0.004,hydration,4,238,114,124,0.8596,0.9825,0,2,27,0.8306,0.871,250,0
private_channel,1,1,0.004,hydration,5,115,68,47,0.9853,1.0,0,0,71,0.6383,0.6596,250,0
private_channel,1,1,0.004,hydration,6,96,42,54,0.881,0.9524,0,2,66,0.7407,0.8148,250,0
private_channel,1,1,0.004,hydration,7,109,66,43,0.9091,0.9697,1,1,56,0.6279,0.6279,250,0
